-- phpMyAdmin SQL Dump
-- version 4.6.6deb5
-- https://www.phpmyadmin.net/
--
-- Máy chủ: localhost:3306
-- Thời gian đã tạo: Th12 18, 2018 lúc 12:24 PM
-- Phiên bản máy phục vụ: 5.7.24-0ubuntu0.18.04.1
-- Phiên bản PHP: 7.2.10-0ubuntu0.18.04.1

SET SQL_MODE = "NO_AUTO_VALUE_ON_ZERO";
SET time_zone = "+00:00";


/*!40101 SET @OLD_CHARACTER_SET_CLIENT=@@CHARACTER_SET_CLIENT */;
/*!40101 SET @OLD_CHARACTER_SET_RESULTS=@@CHARACTER_SET_RESULTS */;
/*!40101 SET @OLD_COLLATION_CONNECTION=@@COLLATION_CONNECTION */;
/*!40101 SET NAMES utf8mb4 */;

--
-- Cơ sở dữ liệu: `shop_db`
--

-- --------------------------------------------------------

--
-- Cấu trúc bảng cho bảng `banners`
--

CREATE TABLE `banners` (
  `id` int(11) NOT NULL,
  `image` varchar(255) NOT NULL,
  `title` varchar(255) NOT NULL,
  `link` varchar(255) NOT NULL,
  `status` tinyint(4) NOT NULL,
  `created_at` datetime NOT NULL,
  `updated_at` datetime NOT NULL
) ENGINE=InnoDB DEFAULT CHARSET=latin1;

--
-- Đang đổ dữ liệu cho bảng `banners`
--

INSERT INTO `banners` (`id`, `image`, `title`, `link`, `status`, `created_at`, `updated_at`) VALUES
(5, '56331.jpg', 'do an', 'product/18', 1, '2018-12-14 09:43:58', '2018-12-14 13:58:55');

-- --------------------------------------------------------

--
-- Cấu trúc bảng cho bảng `cart`
--

CREATE TABLE `cart` (
  `id` int(10) UNSIGNED NOT NULL,
  `product_id` int(11) NOT NULL,
  `restaurant_id` int(11) NOT NULL,
  `product_name` varchar(191) COLLATE utf8mb4_unicode_ci NOT NULL,
  `product_code` varchar(191) COLLATE utf8mb4_unicode_ci NOT NULL,
  `product_color` varchar(191) COLLATE utf8mb4_unicode_ci NOT NULL,
  `size` varchar(191) COLLATE utf8mb4_unicode_ci NOT NULL,
  `price` double(8,2) NOT NULL,
  `quantity` int(11) NOT NULL,
  `user_email` varchar(191) COLLATE utf8mb4_unicode_ci NOT NULL,
  `session_id` varchar(191) COLLATE utf8mb4_unicode_ci NOT NULL,
  `created_at` timestamp NULL DEFAULT NULL,
  `updated_at` timestamp NULL DEFAULT NULL
) ENGINE=InnoDB DEFAULT CHARSET=utf8mb4 COLLATE=utf8mb4_unicode_ci;

-- --------------------------------------------------------

--
-- Cấu trúc bảng cho bảng `categories`
--

CREATE TABLE `categories` (
  `id` int(10) UNSIGNED NOT NULL,
  `parent_id` int(11) DEFAULT '0',
  `name` varchar(191) COLLATE utf8mb4_unicode_ci NOT NULL,
  `description` text COLLATE utf8mb4_unicode_ci,
  `url` varchar(191) COLLATE utf8mb4_unicode_ci NOT NULL,
  `status` tinyint(4) NOT NULL DEFAULT '1',
  `remember_token` varchar(100) COLLATE utf8mb4_unicode_ci DEFAULT NULL,
  `created_at` timestamp NULL DEFAULT NULL,
  `updated_at` timestamp NULL DEFAULT NULL
) ENGINE=InnoDB DEFAULT CHARSET=utf8mb4 COLLATE=utf8mb4_unicode_ci;

--
-- Đang đổ dữ liệu cho bảng `categories`
--

INSERT INTO `categories` (`id`, `parent_id`, `name`, `description`, `url`, `status`, `remember_token`, `created_at`, `updated_at`) VALUES
(8, 0, 'Đồ ăn nhanh', 'đồ ăn nhanh', 'do-an-nhanh', 1, NULL, '2018-12-13 19:41:58', '2018-12-13 23:03:20'),
(9, 0, 'Đồ uống', 'đồ uống', 'do-uong', 1, NULL, '2018-12-13 23:03:44', '2018-12-13 23:03:44'),
(10, 0, 'Lẩu', 'lẩu', 'lau', 1, NULL, '2018-12-13 23:04:02', '2018-12-13 23:04:02'),
(11, 0, 'Buffet', 'buffet', 'buffet', 1, NULL, '2018-12-13 23:04:34', '2018-12-13 23:04:34'),
(12, 9, 'Cafe', 'cafe', 'cafe', 1, NULL, '2018-12-13 23:05:44', '2018-12-13 23:05:44'),
(13, 9, 'Trà sữa', 'trà sữa', 'tra-sua', 1, NULL, '2018-12-13 23:06:05', '2018-12-13 23:06:05'),
(14, 10, 'Lẩu Thái', 'lẩu thái', 'lau-thai', 1, NULL, '2018-12-13 23:07:15', '2018-12-13 23:07:15'),
(15, 10, 'Lẩu Nhật Bản', 'lẩu nhật bản', 'lau-nhat-ban', 1, NULL, '2018-12-13 23:07:43', '2018-12-13 23:07:43'),
(16, 8, 'Pizza', 'pizza', 'pizza', 1, NULL, '2018-12-13 23:10:03', '2018-12-13 23:10:03'),
(17, 11, 'Buffet nướng', 'buffet nướng', 'buffet-nuong', 1, NULL, '2018-12-13 23:10:35', '2018-12-13 23:10:35'),
(18, 11, 'Buffet Hải Sản', 'buffet hải sản', 'buffet-hai-san', 1, NULL, '2018-12-13 23:10:59', '2018-12-13 23:11:14'),
(19, 8, 'Bánh mì', 'bánh mì', 'bánh mì', 1, NULL, '2018-12-13 23:12:15', '2018-12-13 23:12:15'),
(20, 0, 'Cơm', 'Đồ ăn liên quan đến cơm', 'com', 1, NULL, '2018-12-16 18:17:51', '2018-12-16 18:17:51'),
(21, 20, 'Cơm rang', 'Cơm rang', 'com-rang', 1, NULL, '2018-12-16 18:19:37', '2018-12-16 18:19:37'),
(22, 20, 'Cơm thường', 'Cơm thường', 'com-thuong', 1, NULL, '2018-12-16 18:20:18', '2018-12-16 18:20:18'),
(23, 0, 'Đồ tráng miệng', 'Đồ tráng miệng', 'do-trang-mieng', 1, NULL, '2018-12-16 18:45:10', '2018-12-16 18:45:10'),
(24, 23, 'Kem', 'Kem mát lạnh', 'kem', 1, NULL, '2018-12-16 18:45:33', '2018-12-16 18:45:33'),
(25, 23, 'Bánh ngọt', 'Bánh ngọt', 'banh-ngot', 1, NULL, '2018-12-16 18:46:18', '2018-12-16 18:46:18'),
(26, 23, 'Chè', 'Chè', 'che', 1, NULL, '2018-12-16 18:46:43', '2018-12-16 18:46:43');

-- --------------------------------------------------------

--
-- Cấu trúc bảng cho bảng `countries`
--

CREATE TABLE `countries` (
  `id` int(11) NOT NULL,
  `country_code` varchar(2) NOT NULL DEFAULT '',
  `country_name` varchar(100) NOT NULL DEFAULT ''
) ENGINE=MyISAM DEFAULT CHARSET=utf8;

--
-- Đang đổ dữ liệu cho bảng `countries`
--

INSERT INTO `countries` (`id`, `country_code`, `country_name`) VALUES
(1, 'AF', 'Afghanistan'),
(2, 'AL', 'Albania'),
(3, 'DZ', 'Algeria'),
(4, 'DS', 'American Samoa'),
(5, 'AD', 'Andorra'),
(6, 'AO', 'Angola'),
(7, 'AI', 'Anguilla'),
(8, 'AQ', 'Antarctica'),
(9, 'AG', 'Antigua and Barbuda'),
(10, 'AR', 'Argentina'),
(11, 'AM', 'Armenia'),
(12, 'AW', 'Aruba'),
(13, 'AU', 'Australia'),
(14, 'AT', 'Austria'),
(15, 'AZ', 'Azerbaijan'),
(16, 'BS', 'Bahamas'),
(17, 'BH', 'Bahrain'),
(18, 'BD', 'Bangladesh'),
(19, 'BB', 'Barbados'),
(20, 'BY', 'Belarus'),
(21, 'BE', 'Belgium'),
(22, 'BZ', 'Belize'),
(23, 'BJ', 'Benin'),
(24, 'BM', 'Bermuda'),
(25, 'BT', 'Bhutan'),
(26, 'BO', 'Bolivia'),
(27, 'BA', 'Bosnia and Herzegovina'),
(28, 'BW', 'Botswana'),
(29, 'BV', 'Bouvet Island'),
(30, 'BR', 'Brazil'),
(31, 'IO', 'British Indian Ocean Territory'),
(32, 'BN', 'Brunei Darussalam'),
(33, 'BG', 'Bulgaria'),
(34, 'BF', 'Burkina Faso'),
(35, 'BI', 'Burundi'),
(36, 'KH', 'Cambodia'),
(37, 'CM', 'Cameroon'),
(38, 'CA', 'Canada'),
(39, 'CV', 'Cape Verde'),
(40, 'KY', 'Cayman Islands'),
(41, 'CF', 'Central African Republic'),
(42, 'TD', 'Chad'),
(43, 'CL', 'Chile'),
(44, 'CN', 'China'),
(45, 'CX', 'Christmas Island'),
(46, 'CC', 'Cocos (Keeling) Islands'),
(47, 'CO', 'Colombia'),
(48, 'KM', 'Comoros'),
(49, 'CG', 'Congo'),
(50, 'CK', 'Cook Islands'),
(51, 'CR', 'Costa Rica'),
(52, 'HR', 'Croatia (Hrvatska)'),
(53, 'CU', 'Cuba'),
(54, 'CY', 'Cyprus'),
(55, 'CZ', 'Czech Republic'),
(56, 'DK', 'Denmark'),
(57, 'DJ', 'Djibouti'),
(58, 'DM', 'Dominica'),
(59, 'DO', 'Dominican Republic'),
(60, 'TP', 'East Timor'),
(61, 'EC', 'Ecuador'),
(62, 'EG', 'Egypt'),
(63, 'SV', 'El Salvador'),
(64, 'GQ', 'Equatorial Guinea'),
(65, 'ER', 'Eritrea'),
(66, 'EE', 'Estonia'),
(67, 'ET', 'Ethiopia'),
(68, 'FK', 'Falkland Islands (Malvinas)'),
(69, 'FO', 'Faroe Islands'),
(70, 'FJ', 'Fiji'),
(71, 'FI', 'Finland'),
(72, 'FR', 'France'),
(73, 'FX', 'France, Metropolitan'),
(74, 'GF', 'French Guiana'),
(75, 'PF', 'French Polynesia'),
(76, 'TF', 'French Southern Territories'),
(77, 'GA', 'Gabon'),
(78, 'GM', 'Gambia'),
(79, 'GE', 'Georgia'),
(80, 'DE', 'Germany'),
(81, 'GH', 'Ghana'),
(82, 'GI', 'Gibraltar'),
(83, 'GK', 'Guernsey'),
(84, 'GR', 'Greece'),
(85, 'GL', 'Greenland'),
(86, 'GD', 'Grenada'),
(87, 'GP', 'Guadeloupe'),
(88, 'GU', 'Guam'),
(89, 'GT', 'Guatemala'),
(90, 'GN', 'Guinea'),
(91, 'GW', 'Guinea-Bissau'),
(92, 'GY', 'Guyana'),
(93, 'HT', 'Haiti'),
(94, 'HM', 'Heard and Mc Donald Islands'),
(95, 'HN', 'Honduras'),
(96, 'HK', 'Hong Kong'),
(97, 'HU', 'Hungary'),
(98, 'IS', 'Iceland'),
(99, 'IN', 'India'),
(100, 'IM', 'Isle of Man'),
(101, 'ID', 'Indonesia'),
(102, 'IR', 'Iran (Islamic Republic of)'),
(103, 'IQ', 'Iraq'),
(104, 'IE', 'Ireland'),
(105, 'IL', 'Israel'),
(106, 'IT', 'Italy'),
(107, 'CI', 'Ivory Coast'),
(108, 'JE', 'Jersey'),
(109, 'JM', 'Jamaica'),
(110, 'JP', 'Japan'),
(111, 'JO', 'Jordan'),
(112, 'KZ', 'Kazakhstan'),
(113, 'KE', 'Kenya'),
(114, 'KI', 'Kiribati'),
(115, 'KP', 'Korea, Democratic People\'s Republic of'),
(116, 'KR', 'Korea, Republic of'),
(117, 'XK', 'Kosovo'),
(118, 'KW', 'Kuwait'),
(119, 'KG', 'Kyrgyzstan'),
(120, 'LA', 'Lao People\'s Democratic Republic'),
(121, 'LV', 'Latvia'),
(122, 'LB', 'Lebanon'),
(123, 'LS', 'Lesotho'),
(124, 'LR', 'Liberia'),
(125, 'LY', 'Libyan Arab Jamahiriya'),
(126, 'LI', 'Liechtenstein'),
(127, 'LT', 'Lithuania'),
(128, 'LU', 'Luxembourg'),
(129, 'MO', 'Macau'),
(130, 'MK', 'Macedonia'),
(131, 'MG', 'Madagascar'),
(132, 'MW', 'Malawi'),
(133, 'MY', 'Malaysia'),
(134, 'MV', 'Maldives'),
(135, 'ML', 'Mali'),
(136, 'MT', 'Malta'),
(137, 'MH', 'Marshall Islands'),
(138, 'MQ', 'Martinique'),
(139, 'MR', 'Mauritania'),
(140, 'MU', 'Mauritius'),
(141, 'TY', 'Mayotte'),
(142, 'MX', 'Mexico'),
(143, 'FM', 'Micronesia, Federated States of'),
(144, 'MD', 'Moldova, Republic of'),
(145, 'MC', 'Monaco'),
(146, 'MN', 'Mongolia'),
(147, 'ME', 'Montenegro'),
(148, 'MS', 'Montserrat'),
(149, 'MA', 'Morocco'),
(150, 'MZ', 'Mozambique'),
(151, 'MM', 'Myanmar'),
(152, 'NA', 'Namibia'),
(153, 'NR', 'Nauru'),
(154, 'NP', 'Nepal'),
(155, 'NL', 'Netherlands'),
(156, 'AN', 'Netherlands Antilles'),
(157, 'NC', 'New Caledonia'),
(158, 'NZ', 'New Zealand'),
(159, 'NI', 'Nicaragua'),
(160, 'NE', 'Niger'),
(161, 'NG', 'Nigeria'),
(162, 'NU', 'Niue'),
(163, 'NF', 'Norfolk Island'),
(164, 'MP', 'Northern Mariana Islands'),
(165, 'NO', 'Norway'),
(166, 'OM', 'Oman'),
(167, 'PK', 'Pakistan'),
(168, 'PW', 'Palau'),
(169, 'PS', 'Palestine'),
(170, 'PA', 'Panama'),
(171, 'PG', 'Papua New Guinea'),
(172, 'PY', 'Paraguay'),
(173, 'PE', 'Peru'),
(174, 'PH', 'Philippines'),
(175, 'PN', 'Pitcairn'),
(176, 'PL', 'Poland'),
(177, 'PT', 'Portugal'),
(178, 'PR', 'Puerto Rico'),
(179, 'QA', 'Qatar'),
(180, 'RE', 'Reunion'),
(181, 'RO', 'Romania'),
(182, 'RU', 'Russian Federation'),
(183, 'RW', 'Rwanda'),
(184, 'KN', 'Saint Kitts and Nevis'),
(185, 'LC', 'Saint Lucia'),
(186, 'VC', 'Saint Vincent and the Grenadines'),
(187, 'WS', 'Samoa'),
(188, 'SM', 'San Marino'),
(189, 'ST', 'Sao Tome and Principe'),
(190, 'SA', 'Saudi Arabia'),
(191, 'SN', 'Senegal'),
(192, 'RS', 'Serbia'),
(193, 'SC', 'Seychelles'),
(194, 'SL', 'Sierra Leone'),
(195, 'SG', 'Singapore'),
(196, 'SK', 'Slovakia'),
(197, 'SI', 'Slovenia'),
(198, 'SB', 'Solomon Islands'),
(199, 'SO', 'Somalia'),
(200, 'ZA', 'South Africa'),
(201, 'GS', 'South Georgia South Sandwich Islands'),
(202, 'SS', 'South Sudan'),
(203, 'ES', 'Spain'),
(204, 'LK', 'Sri Lanka'),
(205, 'SH', 'St. Helena'),
(206, 'PM', 'St. Pierre and Miquelon'),
(207, 'SD', 'Sudan'),
(208, 'SR', 'Suriname'),
(209, 'SJ', 'Svalbard and Jan Mayen Islands'),
(210, 'SZ', 'Swaziland'),
(211, 'SE', 'Sweden'),
(212, 'CH', 'Switzerland'),
(213, 'SY', 'Syrian Arab Republic'),
(214, 'TW', 'Taiwan'),
(215, 'TJ', 'Tajikistan'),
(216, 'TZ', 'Tanzania, United Republic of'),
(217, 'TH', 'Thailand'),
(218, 'TG', 'Togo'),
(219, 'TK', 'Tokelau'),
(220, 'TO', 'Tonga'),
(221, 'TT', 'Trinidad and Tobago'),
(222, 'TN', 'Tunisia'),
(223, 'TR', 'Turkey'),
(224, 'TM', 'Turkmenistan'),
(225, 'TC', 'Turks and Caicos Islands'),
(226, 'TV', 'Tuvalu'),
(227, 'UG', 'Uganda'),
(228, 'UA', 'Ukraine'),
(229, 'AE', 'United Arab Emirates'),
(230, 'GB', 'United Kingdom'),
(231, 'US', 'United States'),
(232, 'UM', 'United States minor outlying islands'),
(233, 'UY', 'Uruguay'),
(234, 'UZ', 'Uzbekistan'),
(235, 'VU', 'Vanuatu'),
(236, 'VA', 'Vatican City State'),
(237, 'VE', 'Venezuela'),
(238, 'VN', 'Vietnam'),
(239, 'VG', 'Virgin Islands (British)'),
(240, 'VI', 'Virgin Islands (U.S.)'),
(241, 'WF', 'Wallis and Futuna Islands'),
(242, 'EH', 'Western Sahara'),
(243, 'YE', 'Yemen'),
(244, 'ZR', 'Zaire'),
(245, 'ZM', 'Zambia'),
(246, 'ZW', 'Zimbabwe');

-- --------------------------------------------------------

--
-- Cấu trúc bảng cho bảng `coupons`
--

CREATE TABLE `coupons` (
  `id` int(10) UNSIGNED NOT NULL,
  `coupon_code` varchar(191) COLLATE utf8mb4_unicode_ci NOT NULL,
  `amount` int(11) NOT NULL,
  `amount_type` varchar(191) COLLATE utf8mb4_unicode_ci NOT NULL,
  `expiry_date` date NOT NULL,
  `status` tinyint(4) NOT NULL,
  `created_at` datetime DEFAULT NULL,
  `updated_at` timestamp NULL DEFAULT NULL
) ENGINE=InnoDB DEFAULT CHARSET=utf8mb4 COLLATE=utf8mb4_unicode_ci;

--
-- Đang đổ dữ liệu cho bảng `coupons`
--

INSERT INTO `coupons` (`id`, `coupon_code`, `amount`, `amount_type`, `expiry_date`, `status`, `created_at`, `updated_at`) VALUES
(1, 'test15', 15, 'Percentage', '2018-08-31', 1, '2018-07-13 15:11:19', '2018-08-01 08:55:10'),
(4, 'test10', 10, 'Percentage', '2018-08-31', 1, '2018-07-22 03:36:00', '2018-08-05 01:08:03'),
(5, 'test22', 50, 'Percentage', '2018-12-20', 1, '2018-12-11 00:56:42', '2018-12-10 17:56:42'),
(6, 'test100', 200, 'Percentage', '2018-12-18', 1, '2018-12-17 11:50:40', '2018-12-17 04:50:40'),
(7, 'test150', 150, 'Fixed', '2018-12-29', 1, '2018-12-17 11:50:53', '2018-12-17 04:50:53');

-- --------------------------------------------------------

--
-- Cấu trúc bảng cho bảng `delivery_addresses`
--

CREATE TABLE `delivery_addresses` (
  `id` int(11) NOT NULL,
  `user_id` int(11) NOT NULL,
  `user_email` varchar(255) NOT NULL,
  `name` varchar(255) NOT NULL,
  `address` varchar(255) NOT NULL,
  `city` varchar(255) NOT NULL,
  `state` varchar(255) NOT NULL,
  `country` varchar(255) NOT NULL,
  `pincode` varchar(255) NOT NULL,
  `mobile` varchar(255) NOT NULL,
  `created_at` timestamp NOT NULL DEFAULT CURRENT_TIMESTAMP ON UPDATE CURRENT_TIMESTAMP,
  `updated_at` timestamp NOT NULL DEFAULT CURRENT_TIMESTAMP
) ENGINE=InnoDB DEFAULT CHARSET=latin1;

--
-- Đang đổ dữ liệu cho bảng `delivery_addresses`
--

INSERT INTO `delivery_addresses` (`id`, `user_id`, `user_email`, `name`, `address`, `city`, `state`, `country`, `pincode`, `mobile`, `created_at`, `updated_at`) VALUES
(1, 1, 'admin@gmail.com', 'admin', '23 Giai Phong', 'Ha Noi', 'Thanh Xuan', 'Vietnam', '100000', '0913196005', '2018-12-17 11:19:32', '2018-12-17 04:19:32'),
(2, 2, 'votuan921@gmail.com', 'Tuan', 'dá', 'sda', 'ád', 'Bahamas', '10000', '029301', '2018-12-17 09:41:25', '2018-12-17 02:41:25');

-- --------------------------------------------------------

--
-- Cấu trúc bảng cho bảng `migrations`
--

CREATE TABLE `migrations` (
  `id` int(10) UNSIGNED NOT NULL,
  `migration` varchar(191) COLLATE utf8mb4_unicode_ci NOT NULL,
  `batch` int(11) NOT NULL
) ENGINE=InnoDB DEFAULT CHARSET=utf8mb4 COLLATE=utf8mb4_unicode_ci;

--
-- Đang đổ dữ liệu cho bảng `migrations`
--

INSERT INTO `migrations` (`id`, `migration`, `batch`) VALUES
(1, '2014_10_12_000000_create_users_table', 1),
(2, '2014_10_12_100000_create_password_resets_table', 1),
(3, '2018_03_18_090951_create_category_table', 2),
(4, '2018_03_18_100532_add_url_to_categories', 3),
(5, '2018_03_29_144354_create_products_table', 4),
(6, '2018_04_16_135232_create_products_attributes_table', 5),
(7, '2018_06_21_174929_create_cart_table', 6),
(8, '2018_07_09_150844_create_coupons_table', 7);

-- --------------------------------------------------------

--
-- Cấu trúc bảng cho bảng `orders`
--

CREATE TABLE `orders` (
  `id` int(11) NOT NULL,
  `user_id` int(11) NOT NULL,
  `user_email` varchar(255) NOT NULL,
  `name` varchar(255) NOT NULL,
  `address` varchar(255) NOT NULL,
  `city` varchar(255) NOT NULL,
  `state` varchar(255) NOT NULL,
  `country` varchar(255) NOT NULL,
  `pincode` varchar(255) NOT NULL,
  `mobile` varchar(255) NOT NULL,
  `shipping_charges` float NOT NULL,
  `coupon_code` varchar(255) NOT NULL,
  `coupon_amount` float NOT NULL,
  `order_status` varchar(255) NOT NULL,
  `payment_method` varchar(255) NOT NULL,
  `grand_total` float NOT NULL,
  `created_at` datetime NOT NULL,
  `updated_at` timestamp NOT NULL DEFAULT CURRENT_TIMESTAMP ON UPDATE CURRENT_TIMESTAMP
) ENGINE=InnoDB DEFAULT CHARSET=latin1;

-- --------------------------------------------------------

--
-- Cấu trúc bảng cho bảng `orders_products`
--

CREATE TABLE `orders_products` (
  `id` int(11) NOT NULL,
  `order_id` int(11) NOT NULL,
  `user_id` int(11) NOT NULL,
  `product_id` int(11) NOT NULL,
  `restaurant_id` int(11) NOT NULL,
  `product_code` varchar(255) NOT NULL,
  `product_name` varchar(255) NOT NULL,
  `product_size` varchar(255) NOT NULL,
  `product_color` varchar(255) NOT NULL,
  `product_price` float NOT NULL,
  `product_qty` int(11) NOT NULL,
  `created_at` datetime NOT NULL,
  `updated_at` timestamp NOT NULL DEFAULT CURRENT_TIMESTAMP ON UPDATE CURRENT_TIMESTAMP
) ENGINE=InnoDB DEFAULT CHARSET=latin1;

-- --------------------------------------------------------

--
-- Cấu trúc bảng cho bảng `password_resets`
--

CREATE TABLE `password_resets` (
  `email` varchar(191) COLLATE utf8mb4_unicode_ci NOT NULL,
  `token` varchar(191) COLLATE utf8mb4_unicode_ci NOT NULL,
  `created_at` timestamp NULL DEFAULT NULL
) ENGINE=InnoDB DEFAULT CHARSET=utf8mb4 COLLATE=utf8mb4_unicode_ci;

-- --------------------------------------------------------

--
-- Cấu trúc bảng cho bảng `products`
--

CREATE TABLE `products` (
  `id` int(10) UNSIGNED NOT NULL,
  `category_id` int(11) NOT NULL,
  `product_name` varchar(191) COLLATE utf8mb4_unicode_ci NOT NULL,
  `product_code` varchar(191) COLLATE utf8mb4_unicode_ci NOT NULL,
  `product_color` varchar(255) COLLATE utf8mb4_unicode_ci NOT NULL,
  `description` text COLLATE utf8mb4_unicode_ci NOT NULL,
  `restaurant_id` int(11) NOT NULL,
  `care` text COLLATE utf8mb4_unicode_ci NOT NULL,
  `price` double(8,2) NOT NULL,
  `image` varchar(191) COLLATE utf8mb4_unicode_ci NOT NULL,
  `status` tinyint(1) NOT NULL DEFAULT '1',
  `created_at` timestamp NULL DEFAULT NULL,
  `updated_at` timestamp NULL DEFAULT NULL
) ENGINE=InnoDB DEFAULT CHARSET=utf8mb4 COLLATE=utf8mb4_unicode_ci;

--
-- Đang đổ dữ liệu cho bảng `products`
--

INSERT INTO `products` (`id`, `category_id`, `product_name`, `product_code`, `product_color`, `description`, `restaurant_id`, `care`, `price`, `image`, `status`, `created_at`, `updated_at`) VALUES
(1, 19, 'Bánh mì chảo', 'BM1', 'w', 'Bánh mì chảo', 0, '', 1.00, '36801.jpg', 1, '2018-12-13 23:16:44', '2018-12-13 23:16:44'),
(2, 16, 'Pizza', 'PZ1', 'w', 'pizza', 0, '', 1.00, '49628.jpg', 1, '2018-12-13 23:26:25', '2018-12-13 23:26:25'),
(3, 12, 'Cafe Cappuccino', 'CF1', 'w', 'Cafe Cappuccino', 0, '', 1.00, '24081.jpg', 1, '2018-12-13 23:28:31', '2018-12-13 23:28:31'),
(4, 13, 'Trà Sữa Tocotoco', 'TS1', 'w', 'Trà Sữa Tocotoco', 0, '', 2.00, '24414.jpg', 1, '2018-12-13 23:30:29', '2018-12-13 23:30:29'),
(5, 13, 'Trà Sữa Feeling Tea', 'TS2', 'w', 'Trà Sữa Feeling Tea', 0, '', 2.00, '57265.jpg', 1, '2018-12-13 23:31:53', '2018-12-13 23:32:23'),
(6, 13, 'Trà Sữa Trân Châu', 'TS2', 'w', 'Trà Sữa Trân Châu', 0, '', 1.00, '11578.jpg', 1, '2018-12-13 23:33:28', '2018-12-13 23:33:28'),
(7, 12, 'Cafe Môcha', 'CF2', 'w', 'Cafe Môcha', 0, '', 1.00, '40102.jpg', 1, '2018-12-13 23:34:58', '2018-12-13 23:34:58'),
(8, 19, 'Bánh mì kẹp', 'BM2', 'w', 'Bánh mì kẹp', 0, '', 1.00, '62403.jpg', 1, '2018-12-13 23:36:18', '2018-12-13 23:36:18'),
(9, 14, 'Lẩu Thái', 'LL1', 'w', 'Lẩu Thái', 0, '', 10.00, '73873.jpg', 1, '2018-12-13 23:37:50', '2018-12-13 23:37:50'),
(10, 14, 'Lẩu Thái Hải Sản', 'LL2', 'w', 'Lẩu Thái Hải Sản', 0, '', 10.00, '67943.jpg', 1, '2018-12-13 23:38:28', '2018-12-13 23:38:28'),
(11, 15, 'Lẩu Nướng Nhật Bản', 'LL3', 'w', 'Lẩu Nướng Nhật Bản', 0, '', 15.00, '58954.jpg', 1, '2018-12-13 23:39:34', '2018-12-13 23:39:34'),
(12, 15, 'Lẩu Osaka', 'LL4', 'w', 'Lẩu Osaka', 0, '', 15.00, '6511.jpg', 1, '2018-12-13 23:40:39', '2018-12-13 23:40:39'),
(13, 17, 'Buffet nướng', 'BF1', 'w', 'Buffet nướng', 0, '', 12.00, '57924.jpg', 1, '2018-12-13 23:41:53', '2018-12-13 23:41:53'),
(14, 17, 'Buffet nướng BBQ', 'BF2', 'w', 'Buffet nướng BBQ', 0, 'Buffet nướng BBQ', 17.00, '38269.jpg', 1, '2018-12-13 23:42:57', '2018-12-13 23:42:57'),
(15, 18, 'Buffet Hải Sản', 'BF3', 'w', 'Buffet Hải Sản', 0, 'Buffet Hải Sản', 22.00, '72640.jpg', 1, '2018-12-13 23:43:57', '2018-12-13 23:43:57'),
(16, 18, 'Buffet Hải Sản Tươi', 'BF4', 'w', 'Buffet Hải Sản Tươi', 0, 'Buffet Hải Sản Tươi', 23.00, '56209.jpg', 1, '2018-12-13 23:45:02', '2018-12-13 23:45:02'),
(17, 18, 'Buffet Hải Sản Sushi', 'BF5', 'w', 'Buffet Hải Sản Sushi', 0, 'Buffet Hải Sản Sushi', 23.00, '7523.jpg', 1, '2018-12-13 23:46:02', '2018-12-13 23:46:02'),
(18, 18, 'Buffet Gỏi cá', 'BF4', 'w', 'Buffet Gỏi cá', 0, 'Buffet Gỏi cá', 30.00, '44597.jpg', 1, '2018-12-13 23:58:15', '2018-12-13 23:58:15'),
(19, 21, 'Cơm rang dưa bò', 'CR1', 'w', 'Cơm rang với dưa muối và bò thái nhỏ', 0, '', 3.00, '70903.jpg', 1, '2018-12-16 18:24:06', '2018-12-16 18:24:06'),
(20, 21, 'Cơm rang đùi gà', 'CR2', 'w', 'Cơm rang với đùi gà quay', 0, '', 3.00, '94069.jpeg', 1, '2018-12-16 18:28:57', '2018-12-16 18:28:57'),
(21, 21, 'Cơm rang thập cẩm', 'CR3', 'w', 'Cơm rang với các nhiều nguyên liệu được xắt nhỏ', 0, '', 3.00, '95606.jpg', 1, '2018-12-16 18:32:51', '2018-12-16 18:32:51'),
(22, 22, 'Cơm tấm sườn nướng', 'CT1', 'w', 'Cơm được phục vụ kèm với thịt nướng với rau', 0, '', 5.00, '83814.jpg', 1, '2018-12-16 18:36:10', '2018-12-16 18:36:10'),
(23, 22, 'Cơm cá kho', 'CT2', 'w', 'Cơm trắng được dùng kèm với cá kho', 0, '', 4.00, '3341.jpg', 1, '2018-12-16 18:39:12', '2018-12-16 18:42:15'),
(24, 22, 'Cơm thịt kho trứng', 'CT3', 'w', 'Cơm trắng được phục vụ kèm với thịt kho trứng. 100% thực phẩm sạch', 0, '', 4.00, '48514.jpeg', 1, '2018-12-16 18:40:32', '2018-12-16 18:40:32'),
(25, 24, 'Kem socola', 'IS1', 'w', 'Kem vị socola', 0, '', 2.00, '81636.jpg', 1, '2018-12-16 18:51:01', '2018-12-16 18:51:01'),
(26, 24, 'Kem matcha', 'IS2', 'w', 'Kem vị trà xanh', 0, '', 2.00, '1277.jpg', 1, '2018-12-16 18:51:47', '2018-12-16 18:51:47'),
(27, 24, 'Kem dâu tây', 'IS3', 'w', 'Kem vị dâu tây', 0, '', 2.00, '95386.jpg', 1, '2018-12-16 18:52:26', '2018-12-16 18:52:26'),
(28, 25, 'Bánh bông lan trứng muối', 'BN1', 'w', 'Bánh bông lan với trứng muối, phômai, chà bông. 100% handmade', 0, '', 2.50, '54808.jpg', 1, '2018-12-16 19:02:43', '2018-12-16 19:02:43'),
(29, 25, 'Bánh crepe matcha', 'BN2', 'w', 'Bánh crepe trà xanh', 0, '', 2.00, '41584.png', 1, '2018-12-16 19:07:20', '2018-12-16 19:07:20'),
(30, 25, 'Cupcake socola', 'BN3', 'w', 'Cupcake vị socola. 100% nhà làm', 0, '', 2.00, '95620.jpg', 1, '2018-12-16 19:12:14', '2018-12-16 19:12:14'),
(31, 25, 'Bánh phô mai', 'BN4', 'w', 'Bánh phô mai kiểu Nhật Bản', 0, '', 1.50, '9762.jpg', 1, '2018-12-16 19:13:14', '2018-12-16 19:13:14'),
(32, 26, 'Chè thập cẩm', 'CH1', 'w', 'Chè thập cẩm với nhiều loại thạch mát lạnh', 0, '', 1.00, '7202.jpg', 1, '2018-12-16 19:16:45', '2018-12-16 19:16:45'),
(33, 26, 'Chè khúc bạch', 'CH2', 'w', 'Chè khúc bạch. Đảm bảo sạch, mát lạnh', 0, '', 1.50, '61065.jpg', 1, '2018-12-16 19:18:00', '2018-12-16 19:18:00'),
(34, 26, 'Chè trôi nước', 'CH3', 'w', 'Chè trôi nước với nhân đậu. Ngọt và mát', 0, '', 1.50, '79982.jpg', 1, '2018-12-16 19:19:47', '2018-12-16 19:19:47');

-- --------------------------------------------------------

--
-- Cấu trúc bảng cho bảng `products_attributes`
--

CREATE TABLE `products_attributes` (
  `id` int(10) UNSIGNED NOT NULL,
  `product_id` int(11) NOT NULL,
  `sku` varchar(191) COLLATE utf8mb4_unicode_ci NOT NULL,
  `size` varchar(191) COLLATE utf8mb4_unicode_ci NOT NULL,
  `price` double(8,2) NOT NULL,
  `stock` int(11) NOT NULL,
  `created_at` timestamp NULL DEFAULT NULL,
  `updated_at` timestamp NULL DEFAULT NULL
) ENGINE=InnoDB DEFAULT CHARSET=utf8mb4 COLLATE=utf8mb4_unicode_ci;

--
-- Đang đổ dữ liệu cho bảng `products_attributes`
--

INSERT INTO `products_attributes` (`id`, `product_id`, `sku`, `size`, `price`, `stock`, `created_at`, `updated_at`) VALUES
(1, 1, 'BM1', 'Large', 2.00, 100, '2018-12-14 00:13:05', '2018-12-14 00:13:05'),
(2, 1, 'BM1-L', 'Small', 1.00, 100, '2018-12-14 00:14:58', '2018-12-14 00:14:58'),
(3, 2, 'PZ1-L', 'Large', 2.00, 100, '2018-12-14 00:15:23', '2018-12-14 00:15:23'),
(4, 3, 'CF1-M', 'Medium', 2.00, 100, '2018-12-14 00:16:01', '2018-12-14 00:16:01'),
(5, 4, 'TS1-S', 'Small', 1.00, 100, '2018-12-14 00:16:34', '2018-12-14 00:16:34'),
(6, 4, 'TS1-M', 'Medium', 2.00, 100, '2018-12-14 00:16:34', '2018-12-14 00:16:34'),
(7, 5, 'TS2-M', 'Medium', 2.00, 100, '2018-12-14 00:17:19', '2018-12-14 00:17:19'),
(8, 5, 'TS2-L', 'Large', 3.00, 100, '2018-12-14 00:17:19', '2018-12-14 00:17:19'),
(9, 7, 'CF2-S', 'Small', 1.00, 100, '2018-12-14 00:18:03', '2018-12-14 00:18:03'),
(10, 8, 'BM2-S', 'Small', 1.00, 100, '2018-12-14 00:18:30', '2018-12-14 00:18:30'),
(11, 9, 'LL1', 'Medium', 20.00, 100, '2018-12-14 00:18:54', '2018-12-14 00:18:54'),
(12, 19, 'CR1-M', 'Medium', 3.00, 100, '2018-12-16 18:26:37', '2018-12-16 18:26:37'),
(13, 20, 'CR2-M', 'Medium', 3.00, 100, '2018-12-16 18:30:10', '2018-12-16 18:30:10'),
(14, 21, 'CR3-M', 'Medium', 3.00, 100, '2018-12-16 18:33:17', '2018-12-16 18:33:17'),
(15, 22, 'CT1-M', 'Medium', 5.00, 100, '2018-12-16 18:36:36', '2018-12-16 18:36:36'),
(18, 23, 'CT2-M', 'Medium', 4.00, 50, '2018-12-16 18:42:56', '2018-12-16 18:42:56'),
(19, 23, 'CT2-S', 'Small', 3.00, 50, '2018-12-16 18:42:56', '2018-12-16 18:42:56'),
(20, 24, 'CT3-S', 'Small', 3.00, 40, '2018-12-16 18:43:34', '2018-12-16 18:43:34'),
(21, 24, 'CT3-M', 'Medium', 4.00, 50, '2018-12-16 18:43:34', '2018-12-16 18:43:34'),
(22, 25, 'IS1-L', 'Large', 2.00, 20, '2018-12-16 18:54:05', '2018-12-16 18:55:36'),
(25, 25, 'IS1-M', 'Medium', 1.50, 15, '2018-12-16 18:56:17', '2018-12-16 18:56:17'),
(26, 25, 'IS1-S', 'Small', 1.00, 12, '2018-12-16 18:56:17', '2018-12-16 18:56:17'),
(27, 26, 'IS2-M', 'Medium', 2.00, 30, '2018-12-16 18:57:24', '2018-12-16 18:57:24'),
(28, 26, 'IS2-L', 'Large', 2.50, 20, '2018-12-16 18:57:24', '2018-12-16 18:57:24'),
(29, 27, 'IS3-M', 'Medium', 2.00, 36, '2018-12-16 18:57:54', '2018-12-16 18:57:54'),
(30, 28, 'BN1-M', 'Medium', 2.50, 50, '2018-12-16 19:03:18', '2018-12-16 19:03:18'),
(31, 28, 'BN1-S', 'Small', 1.50, 20, '2018-12-16 19:03:18', '2018-12-16 19:03:18'),
(32, 29, 'BN2-M', 'Medium', 2.00, 50, '2018-12-16 19:07:48', '2018-12-16 19:07:48'),
(33, 31, 'BN4-S', 'Small', 1.00, 20, '2018-12-16 19:13:53', '2018-12-16 19:13:53'),
(34, 31, 'BN4-M', 'Medium', 1.50, 30, '2018-12-16 19:13:53', '2018-12-16 19:13:53'),
(35, 30, 'BN3-M', 'Medium', 2.00, 50, '2018-12-16 19:14:24', '2018-12-16 19:14:24'),
(36, 32, 'CH1-M', 'Medium', 1.00, 60, '2018-12-16 19:20:20', '2018-12-16 19:20:20'),
(37, 33, 'CH2-M', 'Medium', 1.50, 30, '2018-12-16 19:21:16', '2018-12-16 19:21:16'),
(38, 33, 'CH2-S', 'Small', 1.00, 30, '2018-12-16 19:21:16', '2018-12-16 19:21:16'),
(39, 34, 'CH3-M', 'Medium', 1.50, 45, '2018-12-16 19:22:03', '2018-12-16 19:22:03');

-- --------------------------------------------------------

--
-- Cấu trúc bảng cho bảng `products_images`
--

CREATE TABLE `products_images` (
  `id` int(11) NOT NULL,
  `product_id` int(11) NOT NULL,
  `image` varchar(255) NOT NULL,
  `created_at` datetime NOT NULL,
  `updated_at` timestamp NOT NULL DEFAULT CURRENT_TIMESTAMP ON UPDATE CURRENT_TIMESTAMP
) ENGINE=InnoDB DEFAULT CHARSET=latin1;

--
-- Đang đổ dữ liệu cho bảng `products_images`
--

INSERT INTO `products_images` (`id`, `product_id`, `image`, `created_at`, `updated_at`) VALUES
(3, 9, '69412.jpg', '2018-05-26 17:32:58', '2018-05-26 05:02:58'),
(4, 9, '81426.png', '2018-05-26 17:32:59', '2018-05-26 05:02:59'),
(5, 9, '86890.jpg', '2018-05-26 17:33:00', '2018-05-26 05:03:00'),
(6, 9, '15927.jpg', '2018-06-02 14:30:10', '2018-06-02 02:00:10'),
(7, 1, '13970.jpg', '2018-12-14 14:53:55', '2018-12-14 00:53:55'),
(8, 2, '88145.jpg', '2018-12-17 01:02:19', '2018-12-16 11:02:19'),
(9, 27, '57608.jpg', '2018-12-17 08:59:09', '2018-12-16 18:59:09'),
(10, 28, '88855.png', '2018-12-17 09:03:49', '2018-12-16 19:03:49'),
(11, 28, '3302.jpg', '2018-12-17 09:03:49', '2018-12-16 19:03:49'),
(12, 29, '7512.jpg', '2018-12-17 09:08:10', '2018-12-16 19:08:10'),
(13, 30, '22313.jpg', '2018-12-17 09:14:45', '2018-12-16 19:14:45'),
(14, 34, '36815.jpg', '2018-12-17 09:21:34', '2018-12-16 19:21:34');

-- --------------------------------------------------------

--
-- Cấu trúc bảng cho bảng `restaurants`
--

CREATE TABLE `restaurants` (
  `id` int(11) NOT NULL,
  `name` varchar(255) NOT NULL,
  `address` varchar(255) NOT NULL,
  `city` varchar(255) NOT NULL,
  `state` varchar(255) NOT NULL,
  `country` varchar(255) NOT NULL,
  `mobile` varchar(255) NOT NULL,
  `description` varchar(255) NOT NULL,
  `image` varchar(255) NOT NULL,
  `user_id` int(11) NOT NULL,
  `open_time` datetime NOT NULL,
  `closed_time` datetime NOT NULL
) ENGINE=InnoDB DEFAULT CHARSET=latin1;

--
-- Đang đổ dữ liệu cho bảng `restaurants`
--

INSERT INTO `restaurants` (`id`, `name`, `address`, `city`, `state`, `country`, `mobile`, `description`, `image`, `user_id`, `open_time`, `closed_time`) VALUES
(1, 'abc food', '123', 'Ha Noi', 'Ha Noi', 'Ha Noi', '091396005', 'ngon', '', 1, '2018-12-14 09:15:00', '2018-12-14 15:25:00');

-- --------------------------------------------------------

--
-- Cấu trúc bảng cho bảng `reviews_comments`
--

CREATE TABLE `reviews_comments` (
  `id` int(11) NOT NULL,
  `user_id` int(11) NOT NULL,
  `name` varchar(255) NOT NULL,
  `product_id` int(11) NOT NULL,
  `review_point` int(11) NOT NULL,
  `title` varchar(255) NOT NULL,
  `description` text NOT NULL,
  `created_at` datetime NOT NULL,
  `updated_at` timestamp NOT NULL DEFAULT CURRENT_TIMESTAMP ON UPDATE CURRENT_TIMESTAMP
) ENGINE=InnoDB DEFAULT CHARSET=latin1;

-- --------------------------------------------------------

--
-- Cấu trúc bảng cho bảng `reviews_images`
--

CREATE TABLE `reviews_images` (
  `id` int(11) NOT NULL,
  `comment_id` int(11) NOT NULL,
  `product_id` int(11) NOT NULL,
  `image` varchar(255) NOT NULL,
  `created_at` datetime NOT NULL,
  `updated_at` timestamp NOT NULL DEFAULT CURRENT_TIMESTAMP ON UPDATE CURRENT_TIMESTAMP
) ENGINE=InnoDB DEFAULT CHARSET=latin1;

-- --------------------------------------------------------

--
-- Cấu trúc bảng cho bảng `users`
--

CREATE TABLE `users` (
  `id` int(10) UNSIGNED NOT NULL,
  `name` varchar(191) COLLATE utf8mb4_unicode_ci NOT NULL,
  `address` varchar(255) COLLATE utf8mb4_unicode_ci DEFAULT NULL,
  `city` varchar(100) COLLATE utf8mb4_unicode_ci DEFAULT NULL,
  `state` varchar(100) COLLATE utf8mb4_unicode_ci DEFAULT NULL,
  `country` varchar(100) COLLATE utf8mb4_unicode_ci DEFAULT NULL,
  `pincode` varchar(100) COLLATE utf8mb4_unicode_ci DEFAULT NULL,
  `mobile` varchar(100) COLLATE utf8mb4_unicode_ci DEFAULT NULL,
  `email` varchar(191) COLLATE utf8mb4_unicode_ci NOT NULL,
  `password` varchar(191) COLLATE utf8mb4_unicode_ci NOT NULL,
  `admin` tinyint(1) DEFAULT '0',
  `remember_token` varchar(100) COLLATE utf8mb4_unicode_ci DEFAULT NULL,
  `created_at` timestamp NULL DEFAULT NULL,
  `updated_at` timestamp NULL DEFAULT NULL
) ENGINE=InnoDB DEFAULT CHARSET=utf8mb4 COLLATE=utf8mb4_unicode_ci;

--
-- Đang đổ dữ liệu cho bảng `users`
--

INSERT INTO `users` (`id`, `name`, `address`, `city`, `state`, `country`, `pincode`, `mobile`, `email`, `password`, `admin`, `remember_token`, `created_at`, `updated_at`) VALUES
(1, 'admin', '23 Giai Phong', 'Ha Noi', 'Thanh Xuan', 'Vietnam', '100000', '0913196005', 'admin@gmail.com', '$2y$10$RsgrNxA0xxS5A3Klss98bu36JGOAY2UvJ301OjeowJWhAXGjaLgx6', 1, 'xd9MuNCyXYAd0Ev4XMkLt5PtZ9zHK4SEM77tFa4LH5wtQxWA9NTC6WdRjpFz', '2018-12-11 21:09:07', '2018-12-17 04:19:32'),
(2, 'Tuan', 'dá', 'sda', 'ád', 'Bahamas', '10000', '029301', 'votuan921@gmail.com', '$2y$10$UiBvaP1Ru7khhZiQEptnzueIgHslOU4RN8lyP7nWcrbR9iqUs/35O', 2, 'LP8GYkJOemJOFthCBnzTtdYrtRZsnEU9JGP7I8lnc1bZ89H2rlX8t2E4WTeQ', '2018-12-17 01:41:41', '2018-12-17 02:41:25');

--
-- Chỉ mục cho các bảng đã đổ
--

--
-- Chỉ mục cho bảng `banners`
--
ALTER TABLE `banners`
  ADD PRIMARY KEY (`id`);

--
-- Chỉ mục cho bảng `cart`
--
ALTER TABLE `cart`
  ADD PRIMARY KEY (`id`);

--
-- Chỉ mục cho bảng `categories`
--
ALTER TABLE `categories`
  ADD PRIMARY KEY (`id`);

--
-- Chỉ mục cho bảng `countries`
--
ALTER TABLE `countries`
  ADD PRIMARY KEY (`id`);

--
-- Chỉ mục cho bảng `coupons`
--
ALTER TABLE `coupons`
  ADD PRIMARY KEY (`id`);

--
-- Chỉ mục cho bảng `delivery_addresses`
--
ALTER TABLE `delivery_addresses`
  ADD PRIMARY KEY (`id`);

--
-- Chỉ mục cho bảng `migrations`
--
ALTER TABLE `migrations`
  ADD PRIMARY KEY (`id`);

--
-- Chỉ mục cho bảng `orders`
--
ALTER TABLE `orders`
  ADD PRIMARY KEY (`id`);

--
-- Chỉ mục cho bảng `orders_products`
--
ALTER TABLE `orders_products`
  ADD PRIMARY KEY (`id`);

--
-- Chỉ mục cho bảng `password_resets`
--
ALTER TABLE `password_resets`
  ADD KEY `password_resets_email_index` (`email`);

--
-- Chỉ mục cho bảng `products`
--
ALTER TABLE `products`
  ADD PRIMARY KEY (`id`);

--
-- Chỉ mục cho bảng `products_attributes`
--
ALTER TABLE `products_attributes`
  ADD PRIMARY KEY (`id`);

--
-- Chỉ mục cho bảng `products_images`
--
ALTER TABLE `products_images`
  ADD PRIMARY KEY (`id`);

--
-- Chỉ mục cho bảng `restaurants`
--
ALTER TABLE `restaurants`
  ADD PRIMARY KEY (`id`);

--
-- Chỉ mục cho bảng `reviews_comments`
--
ALTER TABLE `reviews_comments`
  ADD PRIMARY KEY (`id`);

--
-- Chỉ mục cho bảng `reviews_images`
--
ALTER TABLE `reviews_images`
  ADD PRIMARY KEY (`id`);

--
-- Chỉ mục cho bảng `users`
--
ALTER TABLE `users`
  ADD PRIMARY KEY (`id`),
  ADD UNIQUE KEY `users_email_unique` (`email`);

--
-- AUTO_INCREMENT cho các bảng đã đổ
--

--
-- AUTO_INCREMENT cho bảng `banners`
--
ALTER TABLE `banners`
  MODIFY `id` int(11) NOT NULL AUTO_INCREMENT, AUTO_INCREMENT=6;
--
-- AUTO_INCREMENT cho bảng `cart`
--
ALTER TABLE `cart`
  MODIFY `id` int(10) UNSIGNED NOT NULL AUTO_INCREMENT;
--
-- AUTO_INCREMENT cho bảng `categories`
--
ALTER TABLE `categories`
  MODIFY `id` int(10) UNSIGNED NOT NULL AUTO_INCREMENT, AUTO_INCREMENT=27;
--
-- AUTO_INCREMENT cho bảng `countries`
--
ALTER TABLE `countries`
  MODIFY `id` int(11) NOT NULL AUTO_INCREMENT, AUTO_INCREMENT=247;
--
-- AUTO_INCREMENT cho bảng `coupons`
--
ALTER TABLE `coupons`
  MODIFY `id` int(10) UNSIGNED NOT NULL AUTO_INCREMENT, AUTO_INCREMENT=8;
--
-- AUTO_INCREMENT cho bảng `delivery_addresses`
--
ALTER TABLE `delivery_addresses`
  MODIFY `id` int(11) NOT NULL AUTO_INCREMENT, AUTO_INCREMENT=3;
--
-- AUTO_INCREMENT cho bảng `migrations`
--
ALTER TABLE `migrations`
  MODIFY `id` int(10) UNSIGNED NOT NULL AUTO_INCREMENT, AUTO_INCREMENT=9;
--
-- AUTO_INCREMENT cho bảng `orders`
--
ALTER TABLE `orders`
  MODIFY `id` int(11) NOT NULL AUTO_INCREMENT;
--
-- AUTO_INCREMENT cho bảng `orders_products`
--
ALTER TABLE `orders_products`
  MODIFY `id` int(11) NOT NULL AUTO_INCREMENT;
--
-- AUTO_INCREMENT cho bảng `products`
--
ALTER TABLE `products`
  MODIFY `id` int(10) UNSIGNED NOT NULL AUTO_INCREMENT, AUTO_INCREMENT=35;
--
-- AUTO_INCREMENT cho bảng `products_attributes`
--
ALTER TABLE `products_attributes`
  MODIFY `id` int(10) UNSIGNED NOT NULL AUTO_INCREMENT, AUTO_INCREMENT=40;
--
-- AUTO_INCREMENT cho bảng `products_images`
--
ALTER TABLE `products_images`
  MODIFY `id` int(11) NOT NULL AUTO_INCREMENT, AUTO_INCREMENT=15;
--
-- AUTO_INCREMENT cho bảng `reviews_comments`
--
ALTER TABLE `reviews_comments`
  MODIFY `id` int(11) NOT NULL AUTO_INCREMENT;
--
-- AUTO_INCREMENT cho bảng `reviews_images`
--
ALTER TABLE `reviews_images`
  MODIFY `id` int(11) NOT NULL AUTO_INCREMENT;
--
-- AUTO_INCREMENT cho bảng `users`
--
ALTER TABLE `users`
  MODIFY `id` int(10) UNSIGNED NOT NULL AUTO_INCREMENT, AUTO_INCREMENT=3;
/*!40101 SET CHARACTER_SET_CLIENT=@OLD_CHARACTER_SET_CLIENT */;
/*!40101 SET CHARACTER_SET_RESULTS=@OLD_CHARACTER_SET_RESULTS */;
/*!40101 SET COLLATION_CONNECTION=@OLD_COLLATION_CONNECTION */;
